[
	{
		"username": "root",
		"password": "6b616e6b6572e3b0c44298fc1c149afbf4c8996fb92427ae41e4649b934ca495991b7852b855",
		"email": "fb@nosviak2.org",
		"verified": true,
		"friends": [
			{
				"username": "example",
				"best_friend": true,
				"conversation": [
					"Hello FB"
				],
				"nickname": "skid"
			}
		],
		"can_access": [
			"admin"
		],
		"profile": {
			"aboutme": "I am the main author of Martian zee and zee",
			"profile": "https://upload.wikimedia.org/wikipedia/commons/thumb/4/49/A_black_image.jpg/2560px-A_black_image.jpg",
			"contact": [
				"3FB#5453",
				"@FB"
			],
			"security_questions": [
				{
					"question": "What's your favorite movie called?",
					"answer": "TopGun",
					"capital_sensitive": false
				},
				{
					"question": "What's your first pet called",
					"answer": "Dog",
					"capital_sensitive": false
				}
			]
		}
	},
	{
		"username": "kanker",
		"password": "4642e3b0c44298fc1c149afbf4c8996fb92427ae41e4649b934ca495991b7852b855",
		"email": "fb@nosviak2.org",
		"verified": false,
		"friends": [],
		"can_access": [],
		"profile": {
			"aboutme": "Hey, im new here!",
			"profile": "",
			"contact": [],
			"security_questions": []
		}
	}
]