{
    "methods" : [

        {
            "name" : "tcpflood",
            "description" : "basic tcp waterboard flood executed via api",
            "access" : {
                "EqualOrAbove" : true,
                "access" : ["vipplus"]
            },

            "targets" : [
                "https://localhost:8080/attack?token=something...&target=<<attack.$target>>&duration=<<attack.$duration>>&port=<<attack.$port>>&method=tcphex"
            ],

            "defaultPort" : 80
        }
    ]
}