{
    
    "database" : {
        "host" : "localhost:3306",
        "username" : "root",
        "password" : "",
        "name" : "Nosviak"
    },


    "masters" : {
        "masters" : "192.168.0.15:99", 

        "pre_authentication" : {
            "enabled" : true,
            "message" : "Nosviak | authentication"
        },
        
        "authentication" : {
            "passwd" : true,
            "maxTries" : 3
        },

        "encryption" : {
            "concurrentRandom" : true,
            "rsaPrivate" : "private.rsa"
        }
    }
}